fen,phase,move_number,turn,material_diff,your_moves,time_taken,eval_before_cp,eval_after_cp,mate_before_dist,mate_after_dist,best_stockfish,eval_deviations
rnbqkbnr/p1pp1ppp/1p2p3/8/3PP3/P7/1PP2PPP/RNBQKBNR b KQkq - 0 3,opening,6,black,0,"d7d5,c8b7,g8f6",16.27,74,"74,76,141",,"None,None,None",d7d5,"0,2,67"
rn1qk2r/ppp2pp1/3bpnp1/3p4/3P4/3BP3/PPPN1PPP/R1BQK2R w KQkq - 2 8,middlegame,15,white,0,"c2c4,h2h3,b2b3",28.38,19,"11,-20,-35",,"None,None,None",e3e4,"8,39,54"
r1bqk2r/pppp1ppp/2n2n2/4p3/2B1P3/P1N2N2/1PPP1KPP/R1BQ3R b kq - 0 6,middlegame,12,black,2,"e8g8,d7d6,e8g8",10.75,335,"370,369,391",,"None,None,None",f6e4,"35,34,56"
r2qkb1r/pp3ppp/2p1p1b1/8/2B2N2/3P1Q2/PPP2PPP/R3K2R b KQkq - 0 12,middlegame,24,black,0,"b7b5,d8b6,d8a5",11.55,-99,"532,13,-15",,"None,None,None",d8f6,"631,112,84"
r4b1r/pp3kp1/1q2b3/2ppP2p/5P2/2PPn2P/PP1N1K2/R1B2R2 b - - 5 22,middlegame,44,black,-11,"e3f5,d5d4,c5c4",23.01,-810,"-794,-798,-851",,"None,None,None",f7e8,"16,12,41"
1r2k1r1/p1p2p2/3pp2p/1b4p1/2P5/Q5P1/P2R1P1P/5RK1 w - - 0 25,endgame,49,white,4,"c4b5,c4b5,c4b5",5.82,694,"711,711,707",,"None,None,None",c4b5,"17,17,13"
5rk1/p1pq1p2/Q2pbn2/2b1p1p1/4P2p/2PP1N1P/P4PPB/R4RK1 b - - 3 18,middlegame,36,black,2,"f8b8,g5g4,g5g4",15.13,142,"258,154,125",,"None,None,None",g5g4,"116,12,17"
3rk1nQ/1p2np2/pNp4q/2P3pB/1P6/P2P3P/5PP1/4RRK1 w - - 3 27,middlegame,53,white,7,"h8g8,h8g8,h8g8",14.12,9998,"9999,9999,9999",2.0,"1,1,1",h8g8,"1,1,1"
rnbqk2r/pp2pp1p/3p2p1/2pP1n2/2P5/2N2N2/PP2PPPP/R2QKB1R b KQkq - 0 7,middlegame,14,black,0,"e8g8,e7e5,d8b6",21.24,105,"132,113,144",,"None,None,None",e7e5,"27,8,39"
8/2Q2pk1/p1p3b1/1pq5/1P6/P7/5PP1/7K b - - 0 34,endgame,68,black,-3,"c5f2,c5f2,c5f2",13.29,-487,"-497,-517,-504",,"None,None,None",c5f2,"10,30,17"
1R4k1/p4r2/2p1rppB/7p/bPpP4/2P4P/P4PP1/2R3K1 b - - 2 26,endgame,52,black,1,"g8h7,g8h7,g8h7",7.46,156,"172,167,178",,"None,None,None",g8h7,"16,11,22"
rnbq1rk1/pp2b1pp/4p3/2ppPp2/3P4/2NB1NQ1/PPP2PPP/R3K2R b KQ - 1 10,middlegame,20,black,0,"f5f4,c5c4,c5c4",10.71,-148,"88,-116,-126",,"None,None,None",c5c4,"236,32,22"
1r4k1/bp4p1/p3p1np/3q1r2/1PNp2Q1/P2P4/2P2PPP/R3R1K1 w - - 0 24,middlegame,47,white,-2,"g4g6,g4g6,g4g6",7.43,162,"164,158,158",,"None,None,None",g4g6,"2,4,4"
r1bqkbnr/pppp1ppp/2n5/1B2p3/4P3/5N2/PPPP1PPP/RNBQK2R b KQkq - 3 3,opening,6,black,0,"a7a6,d7d6,g8f6",5.44,38,"31,57,49",,"None,None,None",a7a6,"7,19,11"
8/1p5p/p3k1p1/2p3P1/P3rP2/1PK5/2P5/5R2 b - - 4 33,endgame,66,black,0,"b7b5,e6f5,e6f5",6.28,-17,"-8,-21,-22",,"None,None,None",e6f5,"9,4,5"
rnbqkb1r/ppp2ppp/8/3p4/4nN2/1P6/PBP1PPPP/RN1QKB1R b KQkq - 1 6,middlegame,12,black,0,"h7h6,h7h6,h7h6",6.34,-93,"194,209,192",,"None,None,None",f8b4,"287,302,285"
8/6k1/1pr1P1p1/3p1p1p/pP1r3P/P7/R3R1K1/8 w - - 0 34,endgame,67,white,-2,"e2e3,e2e3,e2e3",2.29,260,"-509,-516,-499",,"None,None,None",e6e7,"769,776,759"
b7/P3B3/1r3P2/8/8/2K5/5R2/4k3 w - - 5 63,endgame,125,white,2,"f2f3,f2f3,f2f3",3.34,541,"16,8,2",,"None,None,None",e7c5,"525,533,539"
2kr3r/1pp2ppp/4pn2/8/3P4/b2BBK2/P4PPP/1R5R w - - 2 21,middlegame,41,white,-1,"e3f4,e3g5,e3g5",2.33,-17,"-287,-276,-288",,"None,None,None",b1b3,"270,259,271"
r1b1k2r/pppp1ppp/2n2q2/3Qp3/2B1P3/5N2/PPP2KPP/RN5R w kq - 4 9,middlegame,17,white,1,"d5f7,d5f7,d5d3",4.57,346,"-25,-7,291",,"None,None,None",b1c3,"371,353,55"
6k1/q5r1/p2R3Q/8/4P3/8/P5PP/5K2 w - - 5 34,endgame,67,white,3,"d6d8,d6d8,d6d8",2.76,9995,"9996,9996,9996",5.0,"4,4,4",d6d8,"1,1,1"
r2q1rk1/pppb2p1/3pP1Qp/8/8/3B4/PPP2bPP/2KRR3 b - - 0 18,middlegame,36,black,-3,"d8g5,d8g5,d7e6",4.86,-55,"-38,-60,220",,"None,None,None",d8g5,"17,5,275"
2r1kb1r/p1pnppp1/1p5p/1N1n4/5Bb1/3P1N2/PPP1BPPP/R4RK1 w k - 8 12,middlegame,23,white,0,"b5c7,b5c7,b5d6",3.17,109,"-357,-345,-536",,"None,None,None",f4g3,"466,454,645"
r4rk1/3n1pnp/1qp3pQ/p3P3/PpR1P3/1P1N1P2/4N1PP/5R1K b - - 0 23,middlegame,46,black,1,"f7f6,f7f6,f7f6",2.46,191,"217,217,233",,"None,None,None",a8e8,"26,26,42"
rn2kbnr/1ppb1ppp/p2p1q2/3Pp3/4P3/2N2N2/PPP2PPP/R1BQKB1R w KQkq - 0 6,middlegame,11,white,0,"c3b5,c3b5,c3b5",1.77,123,"-387,-386,-401",,"None,None,None",c1e3,"510,509,524"
r2qk1nr/1b5p/2nbp1N1/p2p1p1Q/1ppP1P2/2P1P3/PPBN2PP/R1B2RK1 b kq - 0 13,middlegame,26,black,1,"h7g6,h7g6,h7g6",2.36,86,"277,268,274",,"None,None,None",g8f6,"191,182,188"
q2rn1k1/pb1p1p1p/1p1b2p1/2p2P2/Q1Pn4/3B4/PP4PP/R1B2RK1 b - - 0 18,middlegame,36,black,-2,"b7c6,b7c6,b7c6",2.02,-539,"-446,-471,-442",,"None,None,None",b7g2,"93,68,97"
8/5pkp/1r4p1/1P6/8/6P1/5P1P/1R3K2 w - - 1 41,endgame,81,white,1,"f2f4,f2f4,f2f4",1.81,317,"167,174,201",,"None,None,None",f1e2,"150,143,116"
r2qkb1r/pp1bnppp/4p3/3pP3/1n1P1PP1/2NB1N2/PP5P/R1BQK2R w KQkq - 5 11,middlegame,21,white,0,"f3g5,f3g5,f3g5",2.08,35,"-88,-86,-79",,"None,None,None",d3b1,"123,121,114"
rn2kbnr/3b1ppp/p3p3/1p1Pp3/8/1Q1BN3/PP1B1PPP/R3K2R w KQkq - 0 14,middlegame,27,white,5,"d5e6,d5e6,d5e6",3.89,657,"574,604,613",,"None,None,None",a2a4,"83,53,44"
2r2rk1/pp2ppbp/q2p2p1/3Q2B1/2Pn4/P3P3/5PPP/1R3RK1 w - - 0 18,middlegame,35,white,-4,"e3d4,e3d4,e3d4",2.93,-141,"-144,-130,-133",,"None,None,None",e3d4,"3,11,8"
2r4k/p5p1/4rp1p/4P3/1P1P2P1/P1bB1RP1/4R3/6K1 w - - 3 35,endgame,69,white,2,"e5f6,d3f5,d3f5",5.02,405,"23,359,382",,"None,None,None",d3f5,"382,46,23"
